population_id	spawn_point_id	map_id	instances	target_population
a306c8f0-a648-44e7-a2a5-c3ac70e2b417	a87e377b-6b05-59c4-8191-3898a259092f	LostColony_WP	1	15
9e42668d-eeeb-42f1-8de2-f656839cdc0d	ff62e20d-b70f-58a1-9db1-5a3ce29fed87	TheCenter_WP	33	1170
ea14188c-98de-485d-9836-eee0264c627f	88143d61-ca84-5f51-a2e6-bb1746eefcdd	Ragnarok_WP	11	110
f08e48e6-b06f-4562-882d-4a14ef6f0858	88143d61-ca84-5f51-a2e6-bb1746eefcdd	TheCenter_WP	4	40
1bfd7655-0e02-4155-9868-2eae19842d63	88143d61-ca84-5f51-a2e6-bb1746eefcdd	TheIsland_WP	8	40
6358a4f7-186e-4a26-8903-c9244fe0d149	88143d61-ca84-5f51-a2e6-bb1746eefcdd	Valguero_WP	9	18
4f1afad9-ce98-46bd-a1ce-73d05ab4af9c	c430497b-f404-574f-8fe6-ee73f1dba948	Astraeos_WP	151	2114
69a7d0a9-3d9e-46e7-ad19-baa4ccf30f1a	fafafd81-2679-54dd-8180-b0ad5f715d87	Ragnarok_WP	23	282
6fb54070-cb57-4d1d-afbb-0ed5b37094a9	fafafd81-2679-54dd-8180-b0ad5f715d87	ScorchedEarth_WP	33	330
d8ac5c2e-a541-45bb-92f9-2059c749d09c	2881bd14-ccad-5185-a337-bfb4bbe62694	Aberration_WP	9	42
a418fca8-d03a-42f5-8e29-bc85ecb5f803	2881bd14-ccad-5185-a337-bfb4bbe62694	Valguero_WP	2	16
39454258-32a9-4b24-8b4f-895a74e98d96	68894e05-6de3-5109-b32a-45908c732518	TheIsland_WP	76	957
feb33247-0853-4603-b6b4-4d1c1fd83387	ab77fa2f-999f-5b84-a032-edee63efa190	Astraeos_WP	212	2544
fda26c1b-8739-4ef8-822b-f910f8304f2a	ab77fa2f-999f-5b84-a032-edee63efa190	Ragnarok_WP	71	1491
c0d20d30-5412-4609-b14f-f74fffaa49a3	ab77fa2f-999f-5b84-a032-edee63efa190	TheCenter_WP	124	1917
1ad72cc4-bc92-4166-aff6-6d5297c69ac4	ab77fa2f-999f-5b84-a032-edee63efa190	Valguero_WP	32	537
97152c62-fbfc-4ed4-9df2-3b432226a2eb	312a17e9-24ed-5a49-9ab0-55b3c606d068	TheCenter_WP	13	17
e0a5a101-73ce-4bb4-958c-88eabea0bb20	925f2d7c-dc27-5ab5-ba03-139dc33a37fd	Ragnarok_WP	9	50
ec46eb56-f8e2-4163-91a4-ff6405df43f5	9d61f1d6-d74d-55cf-8ef0-ac8e7d1fd76e	Astraeos_WP	17	102
0442d03e-ac3a-4236-b489-3a707f4dee9e	9d61f1d6-d74d-55cf-8ef0-ac8e7d1fd76e	Extinction_WP	6	29
64ed3ebc-41ba-473f-8d6e-3f8ef8f0e877	9d61f1d6-d74d-55cf-8ef0-ac8e7d1fd76e	Ragnarok_WP	7	105
3e390a7f-df53-4ed5-8e9a-a460ee46c1df	9d61f1d6-d74d-55cf-8ef0-ac8e7d1fd76e	TheCenter_WP	23	116
d5a6f8a3-978f-45e8-b2e8-4f25b40d6fd1	9d61f1d6-d74d-55cf-8ef0-ac8e7d1fd76e	TheIsland_WP	6	12
f1893550-deeb-4935-92e9-fe875ef45c25	9d61f1d6-d74d-55cf-8ef0-ac8e7d1fd76e	Valguero_WP	9	54
51b37d26-aff8-429e-bf1b-9f6823a9784a	d4ddd392-2269-5300-8087-5239c8a357a1	Extinction_WP	3	36
ba0f423a-0fb2-4f59-8c6d-dfd8a07e359e	7cbc9395-fb20-526f-99da-51832d695ce2	Aberration_WP	3	70
ceb0077f-d5c4-42bd-9910-5fcb26f5d167	7cbc9395-fb20-526f-99da-51832d695ce2	Astraeos_WP	3	36
54d63b1c-ba48-4623-9cdd-698071d9d8ea	7cbc9395-fb20-526f-99da-51832d695ce2	Extinction_WP	5	29
b592893a-35f4-4163-8807-7809b2dc36bb	7cbc9395-fb20-526f-99da-51832d695ce2	LostColony_WP	3	9
8167cea0-1c64-413e-a1ea-9c5d2d98c184	7cbc9395-fb20-526f-99da-51832d695ce2	Ragnarok_WP	3	24
bcf61a77-97c5-47ee-aa62-4ffc2811bebd	7cbc9395-fb20-526f-99da-51832d695ce2	ScorchedEarth_WP	1	2
2d1b1914-bd50-4b64-94d2-a4ded2e12d59	7cbc9395-fb20-526f-99da-51832d695ce2	TheCenter_WP	1	30
049f7eb5-4666-43eb-a74b-8cd9896a45e5	7cbc9395-fb20-526f-99da-51832d695ce2	TheIsland_WP	9	76
8e655cdb-4237-483f-9fa7-b57d6438ce8b	7cbc9395-fb20-526f-99da-51832d695ce2	Valguero_WP	10	54
54540265-60c9-48d8-a7ed-65bc0493d168	628a4353-2a28-596a-9ead-0c22d7ae08d3	Aberration_WP	51	153
73cbecbd-5130-4d2a-8af0-8750f14f33cb	0552ba22-5bc7-5a55-9b64-09984cebff3a	Aberration_WP	91	3272
e24d7752-ee12-4355-8ad2-055133a52f40	680e53df-a3ab-5fc3-b3a3-523b87cd6a50	Aberration_WP	115	997
52fbbf4d-8a25-44f9-8f10-d6766b9895b4	c56215fa-06b5-5e58-8a19-c40f5db6faa8	Astraeos_WP	9	72
89b4aa2a-a923-44e7-8673-35fed619845f	c56215fa-06b5-5e58-8a19-c40f5db6faa8	Ragnarok_WP	6	48
db7c86de-feec-4374-9094-bca90d3b6206	40a2c150-582b-59ea-bcf8-5248a984d57e	Extinction_WP	1	2
4bd6b762-5259-4c16-bed3-d6d84b81a61e	8901fe31-8faa-5642-8e9d-b1d6b5f43fef	Ragnarok_WP	1	8
3683295f-31ba-4a79-bf8b-b566d6c238db	906d129a-1dd7-5853-8ead-a9f4bf7c5179	Ragnarok_WP	28	420
3fbd42e9-251e-4c70-9345-64d7421a4dc4	906d129a-1dd7-5853-8ead-a9f4bf7c5179	ScorchedEarth_WP	23	188
f03a37a8-3645-424a-b746-9e274e7491c6	52e8877e-a5e8-5186-846e-1c88bdd986f0	ScorchedEarth_WP	3	80
abaaa135-76dd-4304-87b5-f35f5693d839	74590275-3d9a-50b7-aad3-2a7d5d7c56cf	TheIsland_WP	4	56
052c56be-e1d2-407b-ad10-5571cb0587ee	b35f0fb3-5988-503a-ab4d-1e5a5e89fd6e	Astraeos_WP	9	126
d2ade50a-1510-4641-8ed9-be0a8fee5cb5	b35f0fb3-5988-503a-ab4d-1e5a5e89fd6e	Ragnarok_WP	5	75
7443986f-61ee-4293-9e46-8b66cf15ea0c	b35f0fb3-5988-503a-ab4d-1e5a5e89fd6e	TheCenter_WP	16	180
09cc81c3-b9dc-48ef-9663-373fe19dfa30	b35f0fb3-5988-503a-ab4d-1e5a5e89fd6e	Valguero_WP	7	84
6b7ac4c2-2682-45d7-ad35-6f496ae9844b	ac856fe0-b68c-5005-a86d-e851b86b765e	Ragnarok_WP	6	90
9081e7bd-bc26-4d10-9c1f-69dfb8cdef11	94b4c468-ff57-56e3-8470-09326ba38498	Ragnarok_WP	1	10
cf36236e-ae29-403a-b327-f81c6bef811b	4ca16574-5a33-5091-bff5-1529e3e43a23	Astraeos_WP	1	8
0c658afb-4da4-456a-bb08-01b2b794dfe0	abe27b9f-56aa-5e49-8661-a1281f2818c9	Valguero_WP	1	6
fbc35fa1-fb91-449b-b7f3-e4eb4a8fdff6	e6d57336-f4f2-5b88-882c-cf7fd2ab83b7	Extinction_WP	15	310
7a73b273-955e-400a-8e11-49edccf98778	ca344252-9393-55df-ab5e-a32cc31cffa9	Astraeos_WP	7	42
e4380ecd-7067-4c0b-a347-fb0996ccafb4	ca344252-9393-55df-ab5e-a32cc31cffa9	Ragnarok_WP	4	42
d064bcea-f4fd-45a0-bdc9-cc9ffe67a753	ca344252-9393-55df-ab5e-a32cc31cffa9	ScorchedEarth_WP	3	9
c74c8ad7-8545-4983-90d2-158fdc433e94	ca344252-9393-55df-ab5e-a32cc31cffa9	TheCenter_WP	4	28
36f376f7-da60-400a-bd11-5dfda30f4833	ca344252-9393-55df-ab5e-a32cc31cffa9	TheIsland_WP	4	12
4fb9d315-1c2c-4648-8976-7179dd417574	ca344252-9393-55df-ab5e-a32cc31cffa9	Valguero_WP	4	14
7df6994e-6fcf-4186-9ca2-24f3306acfdf	cdeec477-c5b4-5a8b-ac37-9f2edb77238e	Astraeos_WP	6	14
5becd727-800f-4218-8610-d3a7f562c204	cdeec477-c5b4-5a8b-ac37-9f2edb77238e	Ragnarok_WP	2	19
895a40da-b115-4957-99f4-85797f98338a	cdeec477-c5b4-5a8b-ac37-9f2edb77238e	ScorchedEarth_WP	1	4
d6cbd2f3-68db-44d4-82ba-146fd6b23002	cdeec477-c5b4-5a8b-ac37-9f2edb77238e	TheCenter_WP	4	4
65b5c7da-b218-4756-96a6-1444430298d1	cdeec477-c5b4-5a8b-ac37-9f2edb77238e	TheIsland_WP	1	4
4875d623-5ba3-4831-94f6-4d7e12948eac	0960a98e-f02c-5f6f-ad70-345e47749f5b	Astraeos_WP	1	16
35645cbb-adf2-43a2-a69d-af015eedcf36	0960a98e-f02c-5f6f-ad70-345e47749f5b	TheIsland_WP	10	520
15514366-4586-4da9-8f5a-4bd8f398cbdf	068ac48e-c52b-58ae-99cd-522ab63854cc	Astraeos_WP	2	24
57aee3cf-2a83-46f8-baa5-2f9cadbf5921	068ac48e-c52b-58ae-99cd-522ab63854cc	Valguero_WP	2	40
48b843b1-f359-46f8-a52f-ffdcb2706dd3	19215cfc-f5f1-595b-8f9d-5b67dbcbe95a	Ragnarok_WP	22	550
c9403d55-99cf-401f-b79f-697438927501	625c25e0-6005-5516-aa20-01bf45fa3bcf	Ragnarok_WP	8	160
469ec22a-e40d-473a-8be3-c453a9ebbb3d	b31cd2ea-8e51-5c3a-b122-cd409995dbe3	TheIsland_WP	2	60
7a52342c-366f-4929-be7b-5f5d89976a4f	4be7a13f-99e3-5a11-98ad-3b6c04c19112	Astraeos_WP	2	18
7cdd560e-8e5e-4a97-967f-590209ad4c5e	4be7a13f-99e3-5a11-98ad-3b6c04c19112	TheCenter_WP	10	272
bd4ca2fc-0b1c-4fec-b55c-329600d1947e	de03f190-be8b-54a7-9564-23605e7948ad	TheCenter_WP	61	1098
dcb51feb-4262-4ed0-af4f-964684eb5c3f	450d2270-9844-5fed-aacd-f2050182672a	Ragnarok_WP	14	490
e049588b-2d77-4230-999d-3e0ccc9b2b97	450d2270-9844-5fed-aacd-f2050182672a	Valguero_WP	37	296
d8acee80-efd6-4d42-a95b-dfe2d96f1d55	072fa454-3406-5577-990e-cddca1d2382d	Ragnarok_WP	111	1998
49367b44-9c44-453f-975a-16d43dc098f3	bb441ece-d207-5844-8cab-c6480cda8906	Astraeos_WP	74	1480
f35efc0d-0dc0-482a-96d5-b4a3f7053eac	d019531d-8771-5433-90f6-09514d025b77	TheIsland_WP	208	2496
7f2703b5-ff82-444e-b466-a99093fdaf64	b35b1cf9-88b5-5b82-b1c6-50612f713262	Astraeos_WP	7	112
14520330-1b93-4888-b8fd-e7a224ae1494	b35b1cf9-88b5-5b82-b1c6-50612f713262	Extinction_WP	31	395
1609dd15-b8a6-4a08-8343-0dd73842000f	c1211333-ee87-532d-b4ef-c86f13bdcdbe	Extinction_WP	29	254
0318d9b6-bfc6-4a9f-99f5-ea61c6cc8e2e	0c0d5107-4d0a-5235-9141-bedacd225fbd	Extinction_WP	20	246
ddf04868-013f-45f9-868d-286a7b21ebf8	2e113f1f-ced7-5b00-a6d6-2d37aa6f1eda	Astraeos_WP	11	176
1c3138cb-b3d2-4611-92b4-7fa30de2aec8	2e113f1f-ced7-5b00-a6d6-2d37aa6f1eda	Extinction_WP	50	670
bb556044-ee00-4e4a-b8f3-86548289a3f1	8416f2b1-e8c7-5611-986e-0f6383677640	Extinction_WP	14	240
d0e5ee18-bd8f-41df-9dfd-c78160ff95e3	14ea1e88-627f-54c6-8311-d51b6f00e9a1	Ragnarok_WP	38	570
98ee4795-317e-4aff-8084-9343729b1615	14ea1e88-627f-54c6-8311-d51b6f00e9a1	ScorchedEarth_WP	119	2656
2bda2ab8-81a9-4b42-9bef-1ffd3c994193	fa67cc31-ff6b-5848-9b76-85d50eac6377	ScorchedEarth_WP	10	170
b77bbed9-2e28-485b-a128-bf6653ebaf47	d85c7d89-5d7c-5daf-b787-845ed9c912ba	ScorchedEarth_WP	25	360
853367b9-f26b-4676-b6d5-beff54dec875	60554ad5-2838-5047-a297-e8e9b97a4112	LostColony_WP	1	12
fc90a775-4f70-4457-a445-855dab2edbc2	1316b5e2-3fcf-54ac-9f8d-74b744de8b75	LostColony_WP	15	150
311abc06-a0e3-4177-91c1-b6cc6579e42d	977c34a2-9bb3-5f1b-bfc6-497cd1e80912	Valguero_WP	1	1
f3285167-b5ce-4d23-bc4f-7e73ac82f84c	3f500206-569c-59b5-a02a-f070b6c10360	LostColony_WP	1	12
9a838282-b899-4fa0-9403-bf5bac02d1f9	7f1ae2b1-ad52-5b01-9936-c4c6f6c18b45	LostColony_WP	18	490
3b4f82bc-774b-4257-8180-5fc7a93c72a9	c74cbc6e-7c92-5aa6-9d0f-0242b466878c	Astraeos_WP	1	12
bac1d300-1b4d-4720-bad1-3d3970b467ba	5df3897c-9d54-57f8-88df-4d002b178f3b	Astraeos_WP	11	132
3d908c27-1f69-49a7-8cc6-ee84bc47ad5f	538fc9f8-6aa8-52b8-b234-db99fd53e63e	Valguero_WP	4	120
ef881c5e-a7ca-48b5-bd58-8251ef98df8b	6dad6896-7dad-5549-8b8e-8ef6590797e0	Valguero_WP	143	2275
33e6270f-13be-42d0-8f5f-68e0b0080fe3	ff0311b1-3a46-5871-8f7d-482c4cd83c89	Valguero_WP	18	288
5f7e3fe2-ea4d-4661-83ec-a59eec157dd2	16a2fb3c-a1a7-5653-bd44-b99879ce6321	Valguero_WP	19	304
6ce8bd18-d9b0-47a5-9e67-65e6f7aabb13	3e9a30fa-b654-5062-b68f-25579daad5fd	LostColony_WP	53	578
257289f9-62eb-4752-aea1-683941190f27	fff823b9-e529-59ad-8213-5b6c21c0d931	LostColony_WP	48	560
f2b95636-d350-4d5f-a421-62f2315e2674	7eb44b89-3604-51e5-bea8-1ffe3907e5f8	LostColony_WP	23	92
c1cf6764-15b0-4b41-9b4f-a01919bc31e1	e6b74a1d-41c5-5870-bd91-96b6bfaae9a1	LostColony_WP	6	24
b3f51b8d-a8eb-4664-9f0b-30c426a734d8	b3e7c714-cd4c-551a-980f-250033aac88d	LostColony_WP	114	1700
fd63c4d8-b9b2-4457-96d5-a6ec46ba790a	b2caaaaf-6edf-57f6-9d37-415bfa3c5d70	LostColony_WP	99	1463
a44aa26f-1bb5-47eb-9a68-43807b235369	041ad970-6c2d-54c0-8fe3-cdce385a9766	LostColony_WP	105	1445
d3f5c6d2-b711-4044-a329-bf2d570536dd	b3a28985-f1e5-5444-b366-728f3cf17ef8	Valguero_WP	30	177
8f6c07e5-5bed-4f8e-a062-eb4b3f49c2d0	290496e4-1b15-551d-a1b4-f5453f1a8d4f	LostColony_WP	16	94
c8ff74a2-6fe2-4769-a16d-019c3924f15b	bf512dcd-c87a-527d-b1fc-c6ae5c0b7527	Valguero_WP	5	25
abe17e7a-e58b-4699-8b21-2c30b0faae29	e31ad522-d5e0-54cc-86ed-1279ce959597	LostColony_WP	3	6
fd95cc37-78ee-4f04-89e5-d8f4a04ac95f	804d9be7-e611-5909-99eb-f01c5b60da07	LostColony_WP	1	4
256cb367-dacf-41bb-89ec-9eed4d8206e9	9e1b4f30-4ea6-5b9e-a330-8850bbd5d23d	Valguero_WP	88	1408
615e57a2-8501-491d-9702-54bb83f13cae	7ebd95b2-14d6-55b3-849c-9c67f13b01d6	LostColony_WP	16	240
cec82726-41a6-4a9b-b773-39d8f5b1ca61	d9b5487d-d560-5a17-a196-613e628b7c36	LostColony_WP	1	12
13c3516b-e028-4ddd-872d-15b2672a6578	ae8c0db5-c12c-5e62-ab25-f11b42a2976c	LostColony_WP	16	217
869b5afe-0e18-456a-8156-df452f5fd71b	e38b5785-e542-588e-974a-1102e3a1571d	LostColony_WP	1	15
631f57d7-5f1c-4710-ae39-98da18df67d5	ec2da1e0-cbd7-5b7e-a466-320c346dc824	LostColony_WP	1	15
44fd56cf-bd06-46b3-beec-f58cb5df0eb2	6a4c9acc-6fa9-5a5d-8be3-44dfabedf442	LostColony_WP	1	20
d655a09c-d0cb-4dae-b9cb-cf9be2971dfd	a320e97f-cf36-5b70-82ec-565173c093df	Valguero_WP	1	2
11431694-3a10-4b2b-b790-24eb8864b0b2	79614763-ddd5-5fd8-84f2-49dbf486c562	Valguero_WP	97	2231
b4a047c3-55b8-4c79-8b4a-67c3fbb56d85	be0a0aa8-8582-528f-9f5c-4423ebb38c85	LostColony_WP	1	10
cc8b676f-918c-4193-a329-b48176fb8f7d	b69e5f8b-dd1e-57a9-ab0d-ca8a3c8f0c0e	Valguero_WP	10	20
8eea446d-bba9-43be-9cb1-22a920c63899	c90da1a8-cfcf-5f05-b6c4-98d96ed17ba9	LostColony_WP	14	83
c1861029-6dda-41e1-ad14-399da2abefd2	454fab63-a21b-52ae-a336-e549fa7962d0	Valguero_WP	7	84
2800c990-e056-4f0f-a569-36612c748342	650c306e-a5e9-51bf-a229-ade8eb406e76	ScorchedEarth_WP	1	2
51f054d4-af89-4b76-8582-083829294d8d	16266854-b871-5701-a6b9-eb150b62db56	ScorchedEarth_WP	1	3
e4a60a45-e0e8-4d8c-b8f7-c71644392102	3dd31f80-7fc2-5844-a657-cdb1761d9fb1	Valguero_WP	2	8
1ec939a9-c524-450f-9a4d-85a5d3ed86a3	3bb31e6b-0642-579e-8d21-65fe306a6134	Valguero_WP	12	180
31c589fa-ea93-43e8-a4f6-fa07777f0028	de8ca29d-ea4d-5c70-b0b8-452990327a1c	Valguero_WP	17	215
9888eb72-c282-468e-bdfd-537e9aeb2ae7	0cc1b0d1-9452-5ca8-8353-c9c73c4c131b	Valguero_WP	12	171
2e819b45-a327-485f-a75e-053fb122cbda	7b2cedd0-00f0-5d26-b6ad-70309971c794	LostColony_WP	6	6
42cff245-1d37-4671-a1b0-2113a8c779d0	2de16657-e514-5531-b7f7-2f18b5df6485	Valguero_WP	4	36
7ac98409-0622-4470-b553-55ad86566c51	f7af2b6c-9541-5822-ad27-d75cb3c2d525	Valguero_WP	113	1808
d9bd0f91-0ae0-41a9-bbf7-a87fad733a2b	7fd8e9f1-6e3f-58df-8504-ab32664dce46	LostColony_WP	34	432
3d5511e1-ac14-4dbc-8fb9-60d928a69a02	903c2a5e-4981-5963-8553-e5c80886d406	LostColony_WP	33	430
5353c183-a37b-4263-9247-6ce9ac84cbe8	f2dd53e6-59ff-532d-aca9-4db5d789d379	LostColony_WP	18	261
dd3d1888-d70a-4794-9be8-0f57e4f0b2ff	e77807df-8fe0-5fe1-a86c-b2ce6b60c8e9	LostColony_WP	1	10
536d3c50-f52d-45af-ae62-7ff9f3a98392	2d3e50ef-2cc1-5501-9781-0db709c9f70b	LostColony_WP	1	1
f216a7d5-d7ca-4e23-806c-9bf0a6aed9b3	20abc9d6-ede5-581b-af86-301a0ac5ba5d	LostColony_WP	1	3
bef6e8f8-f56b-4354-afe3-02807f4f0bae	7dfa4c86-c040-5e5a-a3b4-deea65ad1133	LostColony_WP	27	344
ce435715-c907-4db7-822c-0d4549ff97f1	28b9f433-bb04-5141-b54f-27b0b3264b8f	LostColony_WP	3	24
d56e0f65-7660-4b3b-b9b2-4eedd537ae75	450abbff-4a3f-541b-b227-1a5ad49a798c	LostColony_WP	1	2
a820e76e-70dd-4c6f-b612-89513aae2541	bac298ca-98ff-5d25-a68d-16c86a4bda63	LostColony_WP	45	622
230652d5-72eb-48bc-99d4-48877a1a8bc2	03ca0c54-90c2-564d-af54-1215c8545fb3	LostColony_WP	60	832
0de2b58e-62a9-437e-981a-9a71664b0106	80f41512-a632-5a0a-8164-a30f556be865	LostColony_WP	122	1653
c3b9e92a-9081-4bcf-8d38-c85973908473	7ad9f0b1-36ad-5355-a139-e164ed0f1bcd	LostColony_WP	186	2535
764965a0-f6cc-47db-a7eb-c02bae2b5c49	38b481f3-6694-515f-8eae-dde1c7487097	Valguero_WP	22	264
6baf8b5f-9434-4889-ab3d-71c999667399	93775d62-b5dd-51d3-b2fd-05ad4fadc684	Valguero_WP	45	945
bc247657-fec4-426a-9225-15b9410c18c8	b4f286bb-cf12-5b2e-a1ea-ad1f6365fe42	Valguero_WP	131	1572
95b85631-9612-4f5d-a290-6c69bd9eb0ce	b57d6a7a-0cf2-56de-aa25-2555eb627132	Valguero_WP	72	576
46b2a854-7933-40ea-832b-095004d98468	19d04051-d32d-56da-ba75-fb8afc5832b6	LostColony_WP	1	4
f9b3e442-6eed-4f28-983e-0950a7afe4b3	d9cebc33-b13f-5eff-a38a-74c49e6b6590	LostColony_WP	1	10
ac47f5f5-c5e1-4b38-a423-ba23670541a2	cea0a332-aa96-5153-9232-eadfd59124db	LostColony_WP	1	15
1167f89e-e727-4f8f-a7ed-2d19bc3ae09b	1d5e5548-7743-57fb-a648-6dc0b3fe8f10	LostColony_WP	4	28
10f7b0fd-e4dd-4365-b4a6-049e56acdb86	fd84d589-e367-5990-abb0-7e403638d22a	Valguero_WP	30	312
6b40acb6-b92f-49bd-8eab-b2284104004f	caa9c9d3-cd46-5565-901d-482687f20aec	LostColony_WP	16	256
f7ae0b3d-7f09-4558-9ce3-ac3287b91ffd	f478dc87-5152-52ee-af67-7e27931b88ea	LostColony_WP	48	768
bafd4b52-cc7f-4e67-965c-a7624b980ac0	73d81dea-9096-5fc9-9c1e-b39e827fc05e	LostColony_WP	26	416
6975c139-945e-4c5f-9a41-f4679daeaca6	be980c5f-1f05-52c8-9f8c-790e558636c3	LostColony_WP	22	3175
99b7bd36-8ecd-436e-8bc6-8d26f218c25c	3ca224bf-f794-5d2d-9b64-4bc7d9a883be	LostColony_WP	1	150
42282f9b-155e-4e80-8af8-6a530f87e861	20da9389-c251-5054-a780-2b9f7a49e62b	Aberration_WP	53	424
f92a173d-59fa-4f67-95d0-d04d998a1647	3b68a4dd-4e5d-535f-8611-1d5c870d77ea	Extinction_WP	1	12
08e53f4a-0d3f-42ed-b4b1-0bf8bcfcd8cc	e4013bff-226f-5461-b143-bf39a2c14cae	Astraeos_WP	1	4
01798024-c321-43e2-8e92-44d25bdf5d9b	e4013bff-226f-5461-b143-bf39a2c14cae	LostColony_WP	1	6
0f212db8-b20a-467b-b710-43f79e32292e	e4013bff-226f-5461-b143-bf39a2c14cae	Ragnarok_WP	1	6
3f014bf8-fea8-4f55-8d9f-3daf96033df1	e4013bff-226f-5461-b143-bf39a2c14cae	ScorchedEarth_WP	1	6
49ce2fcc-4677-4299-b055-b1cbf3ab9a1b	e4013bff-226f-5461-b143-bf39a2c14cae	TheCenter_WP	1	6
47e65ba5-4632-4401-a0c8-bc64dfbba717	e4013bff-226f-5461-b143-bf39a2c14cae	Valguero_WP	1	6
eb58423a-5ffd-4569-87b8-b2822f907363	f2a1a5cd-c841-5760-bc43-25d597780055	Astraeos_WP	1	1
1afa1444-bd7c-46c9-8e26-835177de7d9d	f2a1a5cd-c841-5760-bc43-25d597780055	Extinction_WP	1	6
032986e7-76d2-443e-82f6-8f45a587122f	0870a305-3198-5834-b15b-0f987f69e329	TheIsland_WP	3	230
beb004e5-6c02-4959-86bd-7f2bde2e9ada	6eaec938-d4d6-5730-83b9-3c50b55c7ed6	Astraeos_WP	10	200
a69ee5e9-6095-41c4-8a66-2f24cc673206	9d4aa5ce-a6cf-5eb1-994b-eb4046e69c81	TheIsland_WP	3	160
0809b482-48de-4c5c-9005-2a60b3a3b490	1a7d9625-830d-5f44-8262-e3372238e39e	Astraeos_WP	10	26
f5acbc6c-284a-4c17-b665-3d889bc23a84	d8994d7b-0376-5b9e-9589-00d436764ba7	Ragnarok_WP	7	35
543e8d5a-18ac-4771-993b-ea6d7094249e	4aae3949-3abd-5d36-a595-23584db8a3ef	Aberration_WP	7	14
8dd24327-6f39-4df5-b473-aa25bb72045d	60df3604-deef-5273-9c13-85425f091a8e	Aberration_WP	13	96
cfe5cb83-df0c-4635-886e-ac9e6e7e10b5	b09ffcf1-9966-5f2c-b1b4-3f464dc1b9cf	Aberration_WP	8	72
e400e07f-e6f8-4581-a1ed-094beea1a8f6	81d10185-209d-5481-818c-43f9ce8ffc0c	Aberration_WP	70	2480
fb4faa7c-6c99-46c9-ae41-624ade98ca0c	81d10185-209d-5481-818c-43f9ce8ffc0c	Astraeos_WP	3	42
96010d66-bc19-47e8-bfd5-9ab76e14faa2	552fa440-5d56-5a3a-8789-235dcbf10ac2	Aberration_WP	25	955
75c06539-f3a1-4bea-8012-ceea4599752b	552fa440-5d56-5a3a-8789-235dcbf10ac2	Astraeos_WP	3	42
39dcfe44-c459-41b7-9990-ca8488fef8a3	4f3cb01b-75a7-53c8-96bf-485708c87de7	Aberration_WP	34	1057
56ab2d85-8eb9-4c5c-b54d-c98dff3b8e59	4f3cb01b-75a7-53c8-96bf-485708c87de7	Astraeos_WP	6	84
461603ee-de70-4532-8aba-18980cd3773d	8dd140e1-9f92-53af-b96f-e9c0666f843e	Aberration_WP	11	380
bbbe4f64-dc04-43f6-91f3-0ec68f334ebe	be4dc020-aebe-5fbb-9c28-567c333abfd0	Astraeos_WP	1	36
4cdb3f67-b7c8-48d5-9cce-d410716d9eff	be4dc020-aebe-5fbb-9c28-567c333abfd0	Extinction_WP	1	36
857853b4-1ad0-4bfd-b8b4-cb713529d931	7bd5fce5-02a4-524d-b7b8-fb283b9077b7	Ragnarok_WP	49	644
b2f8f56d-5d6a-40d2-ab5a-f458ae6ae000	7bd5fce5-02a4-524d-b7b8-fb283b9077b7	ScorchedEarth_WP	120	2400
4d33ab8a-370e-4620-8fde-4958faace4d2	92dd7d67-87b6-596d-8523-0952da860108	LostColony_WP	4	8
80f5e7a9-3970-4022-9e5e-b014a249a5b5	92dd7d67-87b6-596d-8523-0952da860108	Ragnarok_WP	8	13
ecad0afc-3f89-47ae-9325-5169b76ac56f	872c1abc-651f-577e-aa5f-cf092c939416	Astraeos_WP	2	3
d7a0314d-ab1f-4ed8-9517-c5278cf10fdb	872c1abc-651f-577e-aa5f-cf092c939416	Ragnarok_WP	3	4
beec8583-b2a6-4ebf-8b7c-92c3b46f4e15	872c1abc-651f-577e-aa5f-cf092c939416	TheCenter_WP	7	7
1cfb712b-5141-4914-b5d5-2967af15fc68	872c1abc-651f-577e-aa5f-cf092c939416	TheIsland_WP	1	2
7b32e226-dc27-4c02-b702-ecf2dd8858d3	872c1abc-651f-577e-aa5f-cf092c939416	Valguero_WP	1	2
f046d05f-e321-42a2-b934-5f7311f85fa1	b55a8028-29ce-50d7-939e-0672d482e8c2	Ragnarok_WP	52	936
914b9d15-a2fb-4ee0-bfe4-a5765ebebdd6	b55a8028-29ce-50d7-939e-0672d482e8c2	TheCenter_WP	11	212
2ffed78a-ebe2-49f1-b57c-1c3b60c45d67	0799a7da-ec79-5c77-81bb-752ba7001761	Extinction_WP	4	125
e26ba6b5-1343-4208-9842-683063b4ae50	0799a7da-ec79-5c77-81bb-752ba7001761	TheIsland_WP	27	446
b1bc7e07-4272-401d-b7a0-e8cad36be242	52d70556-bacb-554a-8a99-9f41083a44e3	Ragnarok_WP	3	16
32cc814f-a826-432a-976a-8173aacdd084	3b8ab6c0-f0b5-5fe6-97aa-56d7993d901e	TheIsland_WP	3	36
2a966e74-a78a-4de4-b1a2-6d6a0e20c832	3842b452-a058-5ce3-a9f7-0094c9f229b4	Ragnarok_WP	29	419
9ae205e2-682d-4a2d-a7dd-70883d254426	3842b452-a058-5ce3-a9f7-0094c9f229b4	Valguero_WP	69	828
fb05c6de-6748-4a8a-a222-5ea3961bdbac	2090e975-04b4-5d10-bc84-951dc57e823c	TheCenter_WP	8	140
3332caac-ce5c-4199-88fd-df268c13b6e8	0408c594-81f4-56d2-8ee2-d6aa942d9266	Extinction_WP	34	500
0dccd3ef-96b2-4b50-ba5d-b61245e5d619	0408c594-81f4-56d2-8ee2-d6aa942d9266	TheIsland_WP	7	196
8bc123f7-8c9e-4fe6-937e-9ec20bc790c3	0408c594-81f4-56d2-8ee2-d6aa942d9266	Valguero_WP	4	52
9386fec5-91c1-4d6e-ae4f-3f1f84138887	c0b3bf6c-dcdd-523f-9394-f485514c7e25	Astraeos_WP	2	24
8b94cc7d-460a-405f-8166-ac135576fbb2	3439ad45-db56-5412-8dbd-d7b8f6b03d53	TheIsland_WP	12	336
c2cb15c7-81e5-4486-be9c-bf2f6a4a7942	3439ad45-db56-5412-8dbd-d7b8f6b03d53	Valguero_WP	1	12
b05520df-8d40-4b63-a729-c4c3cca4b644	d30e4764-e089-5299-812c-8b4cf8f72331	Ragnarok_WP	13	13
5021ee35-9dc0-49c7-970d-2da6f48eb7ff	92cc47d5-3109-55d4-9b16-dd275d4aa19a	Ragnarok_WP	2	8
af59eb03-f34d-4fdf-ac1d-74c6e230ca3d	21c9aa6b-af36-575c-9e1e-b0a5c795a844	Ragnarok_WP	2	20
ad618428-179d-437c-bd8f-53b11eefc547	1e9e7d88-dd5e-5289-982e-96c2d1d94965	TheIsland_WP	50	786
088dd017-501c-413c-a253-40f21bb6e822	0d1538ec-dd3f-50e6-b144-5ec152278179	Astraeos_WP	121	1936
a1ac268c-e51f-4c1c-b5a5-eb71e2fb9667	0d1538ec-dd3f-50e6-b144-5ec152278179	Ragnarok_WP	87	1500
a4c70fe2-a79b-4a72-a2f4-122177a8614d	0d1538ec-dd3f-50e6-b144-5ec152278179	TheCenter_WP	28	636
bad3982f-fe36-44f6-99ca-872f95b0f9ad	0d1538ec-dd3f-50e6-b144-5ec152278179	Valguero_WP	54	864
0f4e891f-52e7-4c3e-ba8d-f8728b9d1080	56020a5c-18ea-5b57-8d79-258f363105ea	Astraeos_WP	185	3700
b2c8564a-7a86-4e08-bc52-a77ca43654b7	56020a5c-18ea-5b57-8d79-258f363105ea	TheCenter_WP	40	968
badf35bf-333d-4a89-8bde-32b428d8a8b7	af555802-2530-5806-be75-2d14e667bb8f	TheIsland_WP	106	2307
39775b75-868b-4304-aeab-987cc8e8f400	88b7914e-9d67-5311-a481-9170b189fa55	Ragnarok_WP	23	598
c17d7757-1c40-4241-b75d-5c53e46a974c	58037be1-b5de-5e8c-8f30-8939c937e5bf	Ragnarok_WP	6	13
2288aebe-1ccb-482f-a093-bce04604aff9	50040a55-44e3-50fd-9925-e85c15e2190b	Extinction_WP	1	1
413e43f6-bbb7-46a4-88cd-dba9e4f7075f	b47e6942-1b6f-54c3-8211-974e3a80d36a	Astraeos_WP	1	1
68a4b82b-0295-4365-9538-f196dd037c06	3cb1f5d1-dabe-5c0a-8ce1-b585eb346a26	Astraeos_WP	1	1
b3b547ba-30df-4284-a4d8-1f45c4533d96	14556c8e-64af-534a-ac59-c3a970786f44	Astraeos_WP	27	324
986c99ba-2410-4fbc-994a-bc466d9f7a05	14556c8e-64af-534a-ac59-c3a970786f44	TheCenter_WP	24	138
fc0345fb-d515-4fa8-a394-5c149e879725	7fe54dbe-b81f-567b-bdc4-dfa3081f1489	Astraeos_WP	4	24
227886ed-c28f-47d7-876f-8b1ff27d2d6e	b523dedf-fcae-5320-b3b4-39a2dec08714	TheIsland_WP	4	240
3467c0c2-ecd1-46c6-a8ad-3d61f894863c	5dd2405b-78dc-5ddf-82ad-f9df121ba981	Ragnarok_WP	18	540
9d42b933-482b-486c-a2ad-a4497eef4e5d	3f7f5c22-8856-57ed-bf07-52fa42aed16c	Astraeos_WP	2	32
146b1e71-1840-48b1-8737-163d44524061	3f7f5c22-8856-57ed-bf07-52fa42aed16c	TheIsland_WP	3	120
2ca24a50-720e-405f-a060-12450e9b58e4	9d767098-e531-55ce-8d51-e2a107924d36	Astraeos_WP	30	294
21883542-47cc-47d6-ac87-25e652786a28	9d767098-e531-55ce-8d51-e2a107924d36	Ragnarok_WP	9	52
3ee4b446-72d9-4f72-b29b-1a71ed5102ab	9d767098-e531-55ce-8d51-e2a107924d36	TheCenter_WP	32	506
7813ad3d-643e-46e0-bead-70ef9509bd54	9d767098-e531-55ce-8d51-e2a107924d36	Valguero_WP	5	60
47c253fc-2e44-4d42-b338-6c929a1b6e67	fad4b0ef-22da-5da3-9f0a-ca797869a018	Ragnarok_WP	11	64
e3f53fea-25ff-4824-a78c-2b0f799f453a	a118d58f-f0a3-5e38-afc6-f23cbc1e4ab0	Aberration_WP	53	53
75014af5-5b4e-4b04-a4da-4d4272b42afc	81eb9360-1d6a-5cac-865b-c21b7454051c	Astraeos_WP	1	2
d0076f60-22fb-4bef-a4c8-9f7018142179	dfce9f1e-53fb-5862-889e-c84418b20281	Ragnarok_WP	1	30
aadc35c4-4093-418b-840f-e689b1cfbce0	1fd877ee-4f41-5a2f-b820-f8993fee022d	Ragnarok_WP	3	6
d9dd562e-7a7b-4bda-af0e-da34d1f43593	e77e7577-c853-5d8b-90f4-06276d398b1a	Ragnarok_WP	3	24
a8ef52f9-ac48-4529-b1c5-7dc852c19c83	4245a6f1-0824-5fb6-ab52-61276542672d	Aberration_WP	382	2214
99c7e99c-96c7-4cc3-ba81-69a2451d2138	4245a6f1-0824-5fb6-ab52-61276542672d	Valguero_WP	4	48
1808af7c-324f-4066-8e75-81932a0c4735	88917efb-021c-5e3a-b3fc-afd220dfa1f4	Astraeos_WP	1	8
cdde1aae-0d3b-48bf-95bf-75a3a6559d37	88917efb-021c-5e3a-b3fc-afd220dfa1f4	Valguero_WP	1	12
4e226857-734e-44cd-9cba-a5c10c039d17	36dd553d-6f07-5d1a-8c53-a2182ad4087a	TheIsland_WP	1	80
1dfb2862-23da-45d2-91a9-a84777421936	26822b54-b42d-565d-b60b-30c21a39287d	TheCenter_WP	14	126
0daf2181-1a6b-4f54-963e-b8205a4ecb23	ece14d0a-9fe6-57dc-b87c-40a7ea1939d8	TheCenter_WP	2	20
13071a00-a0bb-43eb-8714-8554ac4de5c8	59198033-ae17-5373-86e8-ae29665636b2	TheIsland_WP	2	30
bea9c9de-9745-4b2f-bc4c-7e5d86a25ef7	3d23d148-4568-55a4-8bff-8a421ca9ec85	Ragnarok_WP	42	630
f0f82198-29ba-4cc1-9748-60ad1e05d7c3	3d23d148-4568-55a4-8bff-8a421ca9ec85	ScorchedEarth_WP	11	198
bc0f321e-b306-4855-bdf2-c0c310929970	a72cef54-af8a-5212-90d3-3b6e21fb6925	ScorchedEarth_WP	2	64
38e03d3a-c9c5-478b-a40b-b5ccc3d0a50c	7dd148a0-31d9-553c-9758-e9a404e223f5	ScorchedEarth_WP	1	10
2c59d897-b44f-440c-bc36-de29a61552e2	13beb313-509d-55ee-b47a-a743d9016f91	ScorchedEarth_WP	5	46
2d9a86f1-091e-465c-964e-1620095bbba1	9ac54ebc-cb50-5138-90e3-d4b2c8851024	Astraeos_WP	10	20
5a319a6c-65ff-4e05-bc9f-2b3b306c51f0	9ac54ebc-cb50-5138-90e3-d4b2c8851024	Ragnarok_WP	8	16
48bd30e0-f40a-4e2b-9790-b79dbf1c5dfb	9ac54ebc-cb50-5138-90e3-d4b2c8851024	TheIsland_WP	12	24
431204c3-a916-49f1-844c-bc1233c1b549	9ac54ebc-cb50-5138-90e3-d4b2c8851024	Valguero_WP	4	8
25c867df-5457-4ebe-8b71-3306e2d973ad	97f1cbbe-ebb5-551e-9122-a663c2022319	TheCenter_WP	21	21
9028354f-533e-4be2-aab5-a01e89688aa8	9f54cab8-9c41-5252-80ac-55568ec64228	Astraeos_WP	10	160
804ee16c-b74e-49f2-adda-47a9bbdfff95	9f54cab8-9c41-5252-80ac-55568ec64228	Ragnarok_WP	28	560
5e6c4555-494a-4839-8eeb-40be1916995d	78400a9e-20ab-5f1d-bd80-0fb49247b016	TheIsland_WP	12	192
f5b3c87c-57c7-4ddc-ac4d-6098c457d59f	78400a9e-20ab-5f1d-bd80-0fb49247b016	Valguero_WP	9	288
87dbdf11-c0a7-403f-964a-d96df3cf869c	74a806ba-27c0-5a12-9cce-a18b14393fc1	Astraeos_WP	5	10
2571ee2e-f017-4986-8a49-f9c1f92f0f92	74a806ba-27c0-5a12-9cce-a18b14393fc1	TheIsland_WP	1	4
2bfd6796-be1c-454e-ada6-2230932681c4	a6ff9ec6-b5b4-5255-8502-e15f74595d6d	Astraeos_WP	4	4
b567db0d-d98c-4747-b542-2d9ba0b75f3c	a6ff9ec6-b5b4-5255-8502-e15f74595d6d	Ragnarok_WP	1	2
f5b58c0d-9cf5-4353-ba34-c016510588b2	a6ff9ec6-b5b4-5255-8502-e15f74595d6d	TheCenter_WP	2	4
8959f20e-9076-49d3-a9bf-8d698b0c604f	a6ff9ec6-b5b4-5255-8502-e15f74595d6d	TheIsland_WP	4	4
73a30c03-3b4d-40b8-982f-dd55a5626680	f6b0cad3-3676-5f94-b33f-88c931260494	Astraeos_WP	10	20
0f4c43fb-887d-49f4-8784-ecf55a916863	f6b0cad3-3676-5f94-b33f-88c931260494	Ragnarok_WP	8	16
f067ba96-bea2-4176-b5f0-783fc58e499c	f6b0cad3-3676-5f94-b33f-88c931260494	TheCenter_WP	20	22
f0405c93-f38f-451b-b783-030a7dd1ad87	f6b0cad3-3676-5f94-b33f-88c931260494	TheIsland_WP	4	8
edd0ea2b-a4a8-47f4-a602-d6bb5cb30e90	f6b0cad3-3676-5f94-b33f-88c931260494	Valguero_WP	3	6
37e053bf-4913-467b-9e94-c509ddbb3e3d	cc38f764-5d0e-5076-881f-2b48741576b1	TheIsland_WP	1	7
f39e29ee-32bb-4416-b6c5-4dcbed364e78	fdaf04f6-64b1-5f11-b60d-aee502b59776	Astraeos_WP	11	11
bd56ceca-724c-4541-96f5-4e6284a9ca88	fdaf04f6-64b1-5f11-b60d-aee502b59776	Ragnarok_WP	6	15
3bf1a28c-0dc1-45bd-8beb-b500d482ec1a	fdaf04f6-64b1-5f11-b60d-aee502b59776	TheCenter_WP	15	17
06a39af5-fb68-4fb1-a50a-f0db738d116f	fdaf04f6-64b1-5f11-b60d-aee502b59776	TheIsland_WP	4	4
816f5832-2fa8-499f-b076-b87ff7b72544	fdaf04f6-64b1-5f11-b60d-aee502b59776	Valguero_WP	4	8
a00ecdf8-aee7-4d53-9f94-33174c187ed4	71573ab4-408b-55c8-9631-d955cf18c326	Ragnarok_WP	119	1785
26bb624d-5738-4711-b4e1-56b80c225be9	42bafca7-67ea-58e4-b2e8-b5b0ca3f9165	Astraeos_WP	887	5496
2bcfef7c-4df6-4f84-a309-561f3ca1c066	42bafca7-67ea-58e4-b2e8-b5b0ca3f9165	TheCenter_WP	222	2586
f41e137a-3041-455a-ab09-7baf85c4e966	0cda16b4-6e5c-5728-b67e-0603e09562d4	TheCenter_WP	1	12
82147ee5-5f5f-4c6a-b87d-3ebafb3eb561	0cda16b4-6e5c-5728-b67e-0603e09562d4	TheIsland_WP	85	765
b4206649-ccd4-4da7-a6e6-a95943e0c9ec	0cda16b4-6e5c-5728-b67e-0603e09562d4	Valguero_WP	15	252
4a663024-d018-4468-bb0b-4787ce9ac94f	eb7cc0c7-cc31-516b-94f2-7b784d09e72c	Astraeos_WP	7	84
a60a0a93-8847-49cb-b0eb-b2eddef404cb	eb7cc0c7-cc31-516b-94f2-7b784d09e72c	Extinction_WP	45	470
eeb2c440-b035-4e8c-9176-92e6a7e567f6	4722ef2b-3d40-5bda-8465-6513d19214b4	Extinction_WP	22	439
49d2b0f1-eb32-4a16-9748-aec269e9c7af	296ccbcc-651e-5159-a1df-feb9a1342fd8	Astraeos_WP	5	80
fd58a673-33b5-4314-9fe6-7af3cf2e75ca	296ccbcc-651e-5159-a1df-feb9a1342fd8	Ragnarok_WP	113	791
c5d9c718-2927-4740-907a-afe100f09853	296ccbcc-651e-5159-a1df-feb9a1342fd8	ScorchedEarth_WP	494	3316
4cc7129f-c528-40ad-8152-ef996bc488a9	3cbf1baa-69ed-512d-bd5a-c42af70e55bd	Ragnarok_WP	4	8
897723ab-9aeb-435f-829a-7e01e7e0a54f	3cbf1baa-69ed-512d-bd5a-c42af70e55bd	ScorchedEarth_WP	18	117
f317de71-f90f-4613-8c88-30ac8d5ec4db	20585b65-bd81-583a-b7fb-7131cf6424b5	Astraeos_WP	2	100
bb217acc-7904-43cb-8db2-ec0d85803896	20585b65-bd81-583a-b7fb-7131cf6424b5	Ragnarok_WP	13	305
4240a1e0-e5c4-49fb-bd17-95a921203290	20585b65-bd81-583a-b7fb-7131cf6424b5	TheCenter_WP	3	195
43d1c050-8625-41d5-a980-67025d17efce	20585b65-bd81-583a-b7fb-7131cf6424b5	TheIsland_WP	4	200
7de6cc4b-e269-4af4-902f-281707281a13	20585b65-bd81-583a-b7fb-7131cf6424b5	Valguero_WP	2	32
0ffc57c0-c754-4fa3-80a0-e911c0e83a26	a6b91cde-17a4-598f-b597-89060b7bbfc8	Astraeos_WP	6	72
abbd811b-d833-460c-a62a-4cc01bd7fb29	a6b91cde-17a4-598f-b597-89060b7bbfc8	Extinction_WP	3	77
0b497efd-18c9-4f30-b8e0-b765cac558fd	a6b91cde-17a4-598f-b597-89060b7bbfc8	LostColony_WP	6	42
6673bc4c-e17b-4c8f-ab6a-a754db06de3e	a6b91cde-17a4-598f-b597-89060b7bbfc8	Ragnarok_WP	3	35
afd6c22c-1425-4fb4-bc6a-83996a5465be	a6b91cde-17a4-598f-b597-89060b7bbfc8	TheIsland_WP	6	140
95621cae-a32f-49fe-bfbe-1a9f8bf466f3	a6b91cde-17a4-598f-b597-89060b7bbfc8	Valguero_WP	6	180
36ebc586-0c39-491c-8ae3-4450817a14f1	06d3d412-ab0d-5378-aa23-695ffae61e71	Ragnarok_WP	1	4
5f29bbff-3903-4270-ae7d-31bc1520375b	939c386e-e536-54f8-8b5d-598abf39a494	Ragnarok_WP	1	2
399f9e1e-d749-4354-b66f-d3c352180095	d018866b-ec82-57fb-bc0e-baa3a9d3705c	Ragnarok_WP	4	44
0b6fe623-2286-44ed-a635-58467182270d	d018866b-ec82-57fb-bc0e-baa3a9d3705c	TheCenter_WP	22	184
3e8561e9-4798-42fa-a51c-919637e24411	d1c7f667-da47-569f-b1d5-559329bd231f	Aberration_WP	1	5
455046df-a442-4ba6-a441-960834dcc083	f40114c3-5620-542c-84e5-2cea00a74caf	Extinction_WP	1	2
7ebd3a17-e0eb-4a2c-a4de-31c7489550ac	19d57179-e83d-5655-a11b-1fb6066df066	Astraeos_WP	3	3
98fa4289-28b9-43b2-a1bf-7fa04f29dea5	19d57179-e83d-5655-a11b-1fb6066df066	Ragnarok_WP	1	5
93aaabef-1e07-4458-9f1b-e73ab2a13a93	19d57179-e83d-5655-a11b-1fb6066df066	TheCenter_WP	6	6
d79c5a7f-c2cf-412b-8d20-8b17c526d53b	19d57179-e83d-5655-a11b-1fb6066df066	TheIsland_WP	4	4
002ccdab-f5b9-46a1-a580-2efbb5c580ba	19d57179-e83d-5655-a11b-1fb6066df066	Valguero_WP	1	5
2a7de041-5769-410b-a3a0-462705b24ee8	38d88950-0a29-5e0f-ac39-2d7a8742efb6	Aberration_WP	66	660
3e9283db-ee28-41d5-89d0-d3dd792650c7	0f2df4c3-786c-57ac-92a3-dcccdeada8eb	Aberration_WP	124	3472
a558b7dc-5394-4fef-9e26-99e912592155	829f1e7d-248f-52f0-b0cd-0629d38cccc4	Aberration_WP	27	216
244b9fbc-cb76-4d10-921a-39a028e1c6c2	e24579b9-9f89-55e9-94f6-3c57698fb397	Aberration_WP	118	118
7493cbb1-1e2f-4213-91f1-d9e1606bfe1d	e24579b9-9f89-55e9-94f6-3c57698fb397	LostColony_WP	2	6
6355c57d-1554-403d-892b-32105bd5d814	e24579b9-9f89-55e9-94f6-3c57698fb397	Valguero_WP	3	6
94283c59-da0d-4957-9419-097582d81474	d9426ca0-6fbf-503d-8173-d00a7d9f01a8	Aberration_WP	84	504
ac12d4e5-f365-4fe9-aea2-42f0206679a6	d76c09c8-80ee-5433-a2a5-5ebe4480a73b	Astraeos_WP	30	720
360835c2-d7df-4b8f-ac0b-f8eac2e0d8da	d76c09c8-80ee-5433-a2a5-5ebe4480a73b	Ragnarok_WP	107	1819
3ffb48cb-f4ca-4193-b5c2-d5fd7cfff067	d76c09c8-80ee-5433-a2a5-5ebe4480a73b	TheCenter_WP	117	2310
1727b9c4-c439-4423-9c13-e652c4334c93	d76c09c8-80ee-5433-a2a5-5ebe4480a73b	Valguero_WP	300	5700
96f6a65b-7a44-4424-bb3c-000d996b922e	aa76186a-407a-5095-bdb1-d93d2dc13a92	TheIsland_WP	24	499
c1ebc229-b625-47f5-94bf-814858425718	49ba0cf2-e6ca-5536-89ba-5cbeb4889b0d	Extinction_WP	5	182
ecfc27fe-4ddc-43ab-a1b6-c08093bcc31a	49ba0cf2-e6ca-5536-89ba-5cbeb4889b0d	TheIsland_WP	11	132
8c817430-3d80-4253-bf97-0bdc24e98029	49ba0cf2-e6ca-5536-89ba-5cbeb4889b0d	Valguero_WP	4	42
5d4d8958-391c-4251-b65e-d5a63517cf57	7cf468ff-a38a-5fec-8c74-de467c9fc559	Astraeos_WP	9	108
0c924524-6480-4413-9e6f-2a621e09df77	7cf468ff-a38a-5fec-8c74-de467c9fc559	Ragnarok_WP	28	292
1f91c6ad-dad5-4960-8781-9c3db6ffc5d9	7cf468ff-a38a-5fec-8c74-de467c9fc559	Valguero_WP	41	522
592eb1b7-4697-4bf7-b1af-c0a618633fc7	4be87d16-719e-51d5-930d-452ef1b213b4	ScorchedEarth_WP	7	7
ff8c99c3-dfaf-46fb-a52b-7a9ccc8d6b96	7e50adc8-8425-5cf2-b7a4-cf2873dda103	Astraeos_WP	2	7
847d0d48-4b9e-4c66-99d2-10fa6818df3e	7e50adc8-8425-5cf2-b7a4-cf2873dda103	Ragnarok_WP	1	2
59a5e0b5-2f9e-42e8-97c3-329fa0ef535e	7e50adc8-8425-5cf2-b7a4-cf2873dda103	TheIsland_WP	1	2
c1bc6646-c573-4321-b30d-62a31d4d9b86	7e50adc8-8425-5cf2-b7a4-cf2873dda103	Valguero_WP	1	2
b9728479-8c49-4366-b350-a4600fcfcf53	91ec3c0b-c550-5451-a9a9-a588ed5a0144	Astraeos_WP	41	656
0194b555-fbb2-421c-a355-de0dec17a25a	91ec3c0b-c550-5451-a9a9-a588ed5a0144	Ragnarok_WP	11	220
488122bf-615c-4007-be14-ece878791a78	91ec3c0b-c550-5451-a9a9-a588ed5a0144	TheCenter_WP	36	1109
bc68cd7b-e11f-4e2f-a816-79a79af02936	91ec3c0b-c550-5451-a9a9-a588ed5a0144	Valguero_WP	29	348
a681b33c-1869-484e-b5a6-162727d9f682	c3a7da6b-f793-5f6f-ab9f-6085265be8d1	TheIsland_WP	52	624
93064f2c-1874-42dd-bf0f-fbfadc91a788	488c02e2-0eba-5fc5-abd8-f8931037e1bd	Aberration_WP	56	324
9f993c29-f473-4b9f-ae69-313523d29977	81948e96-1df4-5672-9a1b-27397ae5589a	Aberration_WP	1	4
786946bd-dbc5-4e84-811b-ac447f4ce8d6	81948e96-1df4-5672-9a1b-27397ae5589a	Valguero_WP	1	12
1653bb7e-7ecc-4568-86fb-b71512fe0f8f	149fd319-acfb-5059-bef2-22d643aa14d7	Ragnarok_WP	1	4
7e983e07-a465-4851-a059-e4bf6b9d716b	64d65db7-a0f9-5c3f-929c-569cd9b348a7	ScorchedEarth_WP	8	80
992cdf14-b03b-42ef-ae05-a737e0ddada8	4a23eed0-91b4-5861-9e4f-dae1737ac2ef	ScorchedEarth_WP	7	70
784b145d-df43-41af-9928-18f5e3b42db3	d59918ca-2c3b-5900-8ad0-f42a6d7df7e4	Extinction_WP	71	1340
63fb1788-2168-4c10-a02f-4667b47c2cc4	743ce1c8-3865-545e-8fdc-53e4a6fe2b77	Extinction_WP	1	20
049ddc68-89e6-41bc-b2d5-f0a8dd0b2e8f	2141d8d4-013d-53cb-a982-b666e6fe2c1f	Extinction_WP	7	140
c32fbab7-c1a9-4bc4-8f06-8053eb1569a9	50c16bdc-9436-5016-9f8e-3103a2a4956e	Extinction_WP	12	248
0b595b0d-8460-4cfa-bfbb-d1ed22d40f00	b322c35b-4299-57d2-8ac8-9c3283272cce	Extinction_WP	4	84
af01ee47-15fe-4fb3-bef6-47cfe633979f	26cdd768-e282-5b55-b003-ec203dffd0a9	Extinction_WP	2	20
efbcf6dc-1656-4a61-a67f-09cbdeaacda4	b49060d9-8241-58fa-94f1-3b9c1055716a	Extinction_WP	14	258
f27bf8a5-c97a-43e6-af1d-469e0f514e63	50245d02-a49d-5f59-a762-13d08ea9a997	Extinction_WP	4	43
edd0e8b6-a800-4574-bbab-1806ed559759	647712d9-d5f3-5b24-b5c4-a2ae2a7ae40d	Extinction_WP	5	60
3b01c00f-9bc2-434d-a96e-8a6a1d0b31e5	d2a0606e-3672-5ee8-a1fa-984b3d80ffea	Extinction_WP	24	541
9f7a43af-dc79-4610-8e39-bb11a3765812	d64421d2-7a45-58fa-b05a-1c02a5a47c7a	Extinction_WP	2	40
1c4601a1-697b-46e3-8a56-631dafca3c77	525efe7b-0ebd-5bab-8ca6-71c26a86897a	Extinction_WP	6	110
051819da-da83-4752-a59b-340c8667bac3	5d659e25-3ba8-5123-b46e-49c73462702d	Ragnarok_WP	1	10
1c2917d4-71c1-46de-819e-8a3b9dbac1f2	1a09b040-3f83-5587-a8ae-71934b385e6b	TheIsland_WP	48	576
cfe33872-a5d3-4402-9d10-55cf0904386a	32309971-499d-5129-80e8-bdb33057b30a	TheCenter_WP	2	20
b8d931d0-1f86-48f6-b8fe-cc3ef2522355	32309971-499d-5129-80e8-bdb33057b30a	Valguero_WP	5	60
92deaf5d-9cfa-4b7c-a015-e1c4cf5e4f44	813adc77-2a2d-5c21-91b3-6e296cbe6890	Ragnarok_WP	1	36
c73d146e-5d9a-4c9b-9e8d-bb58f96ab377	818177e2-8837-5845-9743-dccf13d12e3f	Astraeos_WP	2	32
915717ed-b815-4126-9d42-7d93bdfb56f0	818177e2-8837-5845-9743-dccf13d12e3f	TheCenter_WP	2	7
336c05ac-81ff-44e1-a860-ce9ad3254a66	f3fd9cfd-c2d7-542a-af3f-8057e9d0f573	Ragnarok_WP	3	16
3f189dff-e9aa-449b-a1c9-a54dfde12122	f3fd9cfd-c2d7-542a-af3f-8057e9d0f573	Valguero_WP	5	70
6cfbeb9b-6322-448d-86db-e3d45a35c905	7ee03bf0-21cf-5299-b3cc-0dfa630276cd	Ragnarok_WP	10	113
3ef5daa7-86c7-4218-8134-a5cbb24b576d	4e82d810-2a75-569d-aec0-5c484c08e619	Ragnarok_WP	14	280
1f426666-0c5e-4bdb-8ce3-49d9161af450	4e82d810-2a75-569d-aec0-5c484c08e619	TheCenter_WP	7	84
7482c752-899e-4a41-98b8-56f76a4d3d14	68d8566e-56d3-51c8-a817-33f7339269e4	TheIsland_WP	75	1113
5b411dd9-19dd-4e2a-b337-2d442c35efe6	9d2ba429-543c-51eb-adce-77e1f221d940	Astraeos_WP	174	2436
be9c9dfd-6ea5-4797-8242-1b9d0ffd72d1	c32c0d5d-da7e-5a01-b420-bd6949e5ef52	Astraeos_WP	14	196
d5dda7d3-3106-4dc3-bbd3-84cc224ad43c	e9e9c64f-9f8e-5ae9-b512-fd055308c5fe	Extinction_WP	20	240
018d4a75-7e76-4cf3-b0f5-fe87848d9c86	49e2661e-cfaf-544d-825a-b194dabaaf3a	Extinction_WP	12	120
76516efe-9987-46b2-95a9-efbc1c0ac207	88bd8e2c-94fd-5992-b0ff-bc6a9aabf9be	Extinction_WP	10	128
e21ae42a-d93b-4ae2-8d6d-f7f800e84fee	5f8992ab-df1b-500b-9bc6-ffa3eb0d98d1	Extinction_WP	10	120
3ba8f682-b29f-4789-bbc5-78cb9dc94250	3b0855c8-3791-51af-89ff-d4005bb405f4	Extinction_WP	17	272
db5c56b9-ea68-4661-afe9-f5888469dd0f	f25c5bc0-d055-51a0-a35b-f644f553147d	Ragnarok_WP	11	253
db23cf86-018f-44fe-87d0-9fec4a637f8d	eed77adc-7665-58dd-8ff2-19781b7b53fc	Ragnarok_WP	25	625
b397f225-59f8-4be7-b8cf-6ce144e08294	8819365d-1583-55f0-aecb-ef9adab21e02	TheCenter_WP	25	300
7c9ce02f-b735-462e-ae3f-6b57fad136f9	a738cc31-abda-57d8-a760-bcd6c2772720	ScorchedEarth_WP	40	696
70daec6f-6aca-445b-a014-6955519fe542	938f0b6c-6a6f-5f2d-aeae-066c38b8222c	Extinction_WP	39	507
25fdfb68-6319-4476-b176-167325745f47	5e48964b-0a82-50d5-96b4-65adba2ecfb9	Aberration_WP	84	504
aeed8a51-5f65-4018-877a-58d5d26e30ec	e0883350-9c77-5072-9e9c-1ce633bca409	Aberration_WP	84	252
40a0c858-6f40-4fdc-942c-9cfb87b3170b	6bb98eb5-4956-57fc-8a02-f98771e2aa4d	Extinction_WP	2	40
cf64367f-9687-4347-a9e8-08b694e09434	6bb98eb5-4956-57fc-8a02-f98771e2aa4d	TheIsland_WP	30	595
ddeb24ce-9e14-422b-a061-fa2092b8e3bb	94314881-fe68-5e5c-a827-ed7706164436	Astraeos_WP	12	240
61cb6625-ad6a-4d40-b254-5a14b6392ae6	94314881-fe68-5e5c-a827-ed7706164436	Ragnarok_WP	31	465
a86a9a59-2e82-42b4-bedc-c0f96607d3fc	94314881-fe68-5e5c-a827-ed7706164436	TheCenter_WP	41	1282
8054639c-bc2a-4d20-86f7-76f8af080c61	94314881-fe68-5e5c-a827-ed7706164436	Valguero_WP	8	160
5e4cf2b3-af6e-40cb-a8e5-de78b57980fb	1ae676fc-8d37-5ab0-850d-70b2e18674a3	Ragnarok_WP	1	2
f92fa2e7-9efd-42ff-8a14-27d09f13a283	62eae708-ff60-5e9f-a042-03e1bc445093	TheIsland_WP	6	180
1f13897f-a2ac-44da-a2e1-18ff90600c6d	31dcf0e9-110b-56dc-affd-b9ed4419def1	Ragnarok_WP	4	80
80313037-4760-4698-b4fe-d718fc76d7a8	31dcf0e9-110b-56dc-affd-b9ed4419def1	Valguero_WP	8	240
26deab5c-b254-4404-84ad-3625451c66ab	25e67c41-4481-578b-a187-d68da57ecc0a	TheIsland_WP	6	24
e13f8997-3084-43ca-8389-c6923debaf53	25e67c41-4481-578b-a187-d68da57ecc0a	Valguero_WP	6	24
f3d74d44-061e-463e-a956-c59b93fda7a8	a5505337-1faa-5b56-a530-5a602dc7679c	Astraeos_WP	10	120
d35ed747-adf8-4a1e-85e0-4803f25d7628	a5505337-1faa-5b56-a530-5a602dc7679c	Ragnarok_WP	36	648
6f547774-6818-47b8-bf1b-8f6b144f4db0	a5505337-1faa-5b56-a530-5a602dc7679c	TheCenter_WP	23	764
167b29da-54ac-4fb1-baef-135f7b98b7fd	a5505337-1faa-5b56-a530-5a602dc7679c	Valguero_WP	10	120
e7a7c3d3-9a04-421b-8308-4044401cd19f	dcf7a233-8020-582b-b90c-4175f3a4a473	TheIsland_WP	22	260
6dd6f345-05dd-46fb-829a-1960007586cc	878a6a78-50b8-5daf-a778-97219ade2ee4	TheIsland_WP	11	84
119f874f-a73e-4558-baf3-8aeaadf13b3f	e494f309-4f05-56a5-bde4-ffaa9759d8a4	TheIsland_WP	1	40
8ffa1442-6bb3-446b-b91a-ba5b3b4a1c5e	dd86b037-984b-5bd0-846e-cb84781f8a1f	TheIsland_WP	1	40
013269e7-7d01-4295-b945-61b625bc4d86	a4a8853e-4228-579b-8fd0-5d1be4dadcb0	TheIsland_WP	1	80
f6d0357d-11c6-4c40-b6a2-2a3f6d9f7d3e	c707f12e-7984-5a15-9cb8-c97983dfd7cd	TheIsland_WP	1	80
375490d5-14fc-4cd2-a8f8-8327c8379c2c	6dc9e4da-46fc-58d4-9827-85b40a92baae	TheIsland_WP	1	80
28fd5c2e-46d1-43b7-964c-db0bb3a8a0a8	150117fc-e8ee-5ef0-8f2a-8bda519a0212	TheIsland_WP	1	40
1d8198c4-4b11-47c0-837b-3ab37d725ef0	fb94f2e6-ae9e-5ed2-959e-ce91b598924b	TheIsland_WP	3	3
0a90b59a-5201-4c9c-a8f1-ac60e01523be	d6492331-5366-5a0a-a036-3427d388b6e7	Extinction_WP	2	60
3d12f95e-4043-4c65-aeae-ded12dc79742	4c0c91bd-f56d-5371-9086-ee25f821acdd	Extinction_WP	2	60
e9f022d2-d5e9-4cb9-a022-70b45fae839d	4c0c91bd-f56d-5371-9086-ee25f821acdd	TheIsland_WP	1	40
613d16d7-ed2b-43eb-8ba5-13304ce74d24	91510358-47f2-5edc-b5be-b1713b51ed25	Extinction_WP	1	30
45075667-5318-4e9b-94ee-5f326c1738b3	91510358-47f2-5edc-b5be-b1713b51ed25	TheIsland_WP	1	40
fb85b7fb-7898-4acf-94c9-1116ed091281	adf6033a-bb04-5403-9ce1-64ff883c41a0	TheIsland_WP	1	80
63e8e4e9-e834-4736-8cec-6753ded8cdcb	36b3266c-4bf7-5928-920e-eef858026860	TheIsland_WP	1	80
92b0d3df-18cc-4653-b8d9-cef77c2f2cb1	1bd83eef-29c2-597e-8b45-a39b3fdec9fa	TheIsland_WP	1	80
bfb437aa-cdaa-4d01-8e1f-1d55cd023077	53d1d8ef-dd12-5856-a5d4-b67489533815	TheIsland_WP	1	40
1cf08e13-6957-4b0b-ac92-3deed20b1fac	b557ef5a-ec25-586c-8086-c253238af6c1	TheIsland_WP	1	40
5493cacf-6383-4c37-9d55-9212897b4a80	8bcda718-2031-5658-9217-7c2845ceacd6	TheIsland_WP	1	40
7e7cb421-c48d-4d17-b7ac-06691d2b0a95	3ff6d60b-d359-5dd0-b95e-2c8bed5e6827	TheIsland_WP	1	80
6af45635-8f3c-4dcf-b2e0-85f5488067e9	9357f952-498a-548f-b02b-bbf47ca424ae	TheIsland_WP	1	80
9adde50d-60e9-4773-bc49-e5b149f24a7d	3ba2d6e9-5fa5-5f9a-8ec2-d87c1e90ac7c	TheIsland_WP	1	80
6f321426-4eba-4087-97fe-c83634c3e76a	50683f3d-d3cc-5508-85e2-9e243d41d3bd	TheIsland_WP	1	40
ace98b65-1f60-44bc-a06f-3f793ff408d4	6e5b7577-9738-5bc7-a84e-78f74edab0a3	Ragnarok_WP	1	8
af3c2484-00f2-486c-bb23-40fa542c7702	281ad55b-7cf2-5da3-a5d6-3f7ab6a66d9f	Extinction_WP	43	520
b4927ccb-f40d-48a7-be48-3836f3a65111	93373123-7b8a-54b2-b77f-b43dfddb8178	Astraeos_WP	4	36
47903098-fe3e-4588-a812-718d5afffaee	93373123-7b8a-54b2-b77f-b43dfddb8178	Ragnarok_WP	2	19
b719231b-d9a7-4cbd-bb35-69b2f4ffc208	93373123-7b8a-54b2-b77f-b43dfddb8178	TheCenter_WP	1	30
1d73c142-c453-498c-98de-85e21829e4fc	93373123-7b8a-54b2-b77f-b43dfddb8178	TheIsland_WP	1	16
7c5744f7-c2f3-4bcd-bd7a-95ed8f5f0a11	93373123-7b8a-54b2-b77f-b43dfddb8178	Valguero_WP	1	24
44814a62-2a12-45e7-94d1-d0c20244c042	a629f7f3-d0d9-5dd7-8222-30c6d578a916	Ragnarok_WP	1	1
a37b1746-9e78-4ed1-9f03-547324504552	a629f7f3-d0d9-5dd7-8222-30c6d578a916	ScorchedEarth_WP	1	3
b51b722f-1a41-40ce-b6a0-ce699b8b4827	a629f7f3-d0d9-5dd7-8222-30c6d578a916	TheCenter_WP	1	3
6248f7e2-c88e-484a-a6ea-db9345b715bc	a629f7f3-d0d9-5dd7-8222-30c6d578a916	TheIsland_WP	1	3
d10d5805-1b62-4844-a22c-b4fe249028f5	2a0c5d25-f820-5097-a8b7-eca7c2a2a3dd	ScorchedEarth_WP	1	40
9a692929-e175-463f-833e-08b3a74dc92a	5b83ab22-147e-56da-9787-da5cc0cc66b2	Ragnarok_WP	2	35
a0f8a4d9-f794-4009-bf28-ddd24e65a104	15be7813-6fee-57b8-819f-b0c0db0063cb	TheCenter_WP	12	40
ca96adc4-dac8-455e-9524-bb1ce358d4ab	5988abb5-d9e8-5647-b09c-c01702b8e236	TheCenter_WP	2	1000
bd502700-06de-4a07-a4b5-534d8d6bee74	ea650fbc-b824-5df2-972d-ae278444362e	Astraeos_WP	1	1
0a8acaa4-bc2a-42c4-a62f-e6060fb2c4cc	ea650fbc-b824-5df2-972d-ae278444362e	Ragnarok_WP	1	1
edf4d7a1-38e4-4b54-a19b-833c462b71dc	ea650fbc-b824-5df2-972d-ae278444362e	TheIsland_WP	1	1
73273f9a-dfa0-447d-a0ec-9eff862878ed	ea650fbc-b824-5df2-972d-ae278444362e	Valguero_WP	2	2
d076e78f-e66d-49cb-8b96-2d81b17de770	381daa4a-07a5-53b5-a063-614936560aa6	TheIsland_WP	5	110
234a5846-198e-4088-9e42-15d25f9eddd2	0c0edabf-58b8-570a-850a-65a69974f9b2	Valguero_WP	2	120
815cc1aa-0b2e-4076-b4d8-77a9d5dda6af	46a99bce-1b16-5672-99b9-030b1e9f5096	Valguero_WP	6	300
df81067c-77a5-45ea-b858-2fff79d14f7d	c799be8c-74c5-5411-9578-262dec5eb15d	Valguero_WP	18	904
719169e5-7135-4d6a-aa7d-fe5f8dea372f	9fdaaffb-dd5e-52dc-9ee8-f918924a66d7	Valguero_WP	24	320
0f161608-10be-46d7-b0bb-ed6de3bf2ba5	cae78b5e-2e71-52f7-85be-9d66e413e380	Valguero_WP	1	6
503d97fb-e340-44a7-ba33-66e8cf00b86b	679c107b-353a-5229-8f2c-9c1e62bc769c	Valguero_WP	1	10
fc61cea5-3cf1-438d-89c4-091b7505532b	d97231a0-b7d4-572c-852a-ce9fa03da1e0	Valguero_WP	1	4
5c1088c5-7c26-4676-9b72-a2c8afb651ea	172764db-2d24-5b35-b44a-cab88ca6b494	Valguero_WP	2	10
8f67f315-ff92-49ef-b417-d05ba039578e	6ea93560-3c2c-58ea-9818-7a3f5514400d	TheCenter_WP	36	316
2207baa0-c788-4080-8d18-8b43f6cb8f86	ed47d32d-8770-53cc-8796-2f95e976ce2d	Astraeos_WP	6	36
e8ece08c-cedc-4e16-a025-4be4004ed80b	ed47d32d-8770-53cc-8796-2f95e976ce2d	TheCenter_WP	44	332
40405d83-7e31-4e70-a387-1881c95d65bc	3587f197-5ccb-5d6e-8ce0-aa8adcadf6d1	Astraeos_WP	13	110
3d216395-fb63-4293-95e1-299d65505a71	18f6f4ec-c24d-56d5-8ae2-df8f1e6c7f01	TheCenter_WP	12	120
cdf5e9af-4179-40b7-ba68-6df786e0ea52	5e9a17a2-aebd-576e-878d-e926422240b4	TheCenter_WP	5	62
972cd647-8ba4-462b-978b-4bfd96a9714e	8cc8ea51-2201-57d6-b0c2-e00ded66d404	Ragnarok_WP	5	17
aca97ffe-3f91-41f0-a8c3-e2190b064b58	c72fb8a3-60a9-56b1-a260-ada959f7a551	Extinction_WP	8	110
1c69dedb-0eba-4430-9cb5-be3dc9161fc1	7d795a30-9e57-5676-8b3a-621731280a38	Extinction_WP	47	500
c80913c1-1c27-4900-8658-2a8110c346f8	d542076d-9e42-59b4-979b-580472fd6ab5	Extinction_WP	61	732
7233c6a6-2f99-4e47-ae8f-decdea43135b	660e0647-8a4b-5a97-ac94-3de4f33b14ae	Extinction_WP	86	1030
2c67beb7-5c33-4106-8e5f-11b9159ddd7b	fe377abe-1613-57bd-95de-77a6b4e3abdb	Extinction_WP	3	37
da44c6cf-7bac-4968-8fb2-d9af97ce15bd	d0ead068-e5a4-5267-b1e9-37de83b0b5df	Extinction_WP	13	180
8e574e82-4112-4f90-a78d-e7cd915e22d7	c83c4878-81f3-5cf7-99c3-7f015b954a51	Astraeos_WP	3	48
7680240f-e79b-45cc-ab1f-15213c3639ac	c83c4878-81f3-5cf7-99c3-7f015b954a51	Extinction_WP	72	680
f07b5e76-612e-46bc-9013-863e37e198a1	31dcfd9b-fdda-57df-937b-0c386e4c7999	Astraeos_WP	66	1008
35dbc645-cdcc-42cf-879b-da8ea568891b	31dcfd9b-fdda-57df-937b-0c386e4c7999	Extinction_WP	113	1429
b7b79053-b95f-491a-8122-320545d87b20	c6a2e4a1-86ce-574f-8d0e-7d66d1a5f753	TheCenter_WP	53	472
f5bbbd7e-1fcf-4605-9efb-4a2a062668aa	9a803e5e-0222-50e5-9db0-fce503c28af1	TheCenter_WP	1	20
f2ed4df7-996d-452b-aafb-dfd746dec334	2981b6ab-a83e-5980-b82f-94c879f2891d	Astraeos_WP	1	20
0f12e7ce-fc76-4276-864e-d9f62162bfb7	25ab785c-37e0-56bd-875c-7d2ecf91def5	TheIsland_WP	2	190
56744b90-0d43-4a46-b655-e3c637c8edda	9af653dc-daf5-5950-8136-115017466e5b	TheCenter_WP	89	1046
9110fd68-a3be-430a-952e-5ccd8b7ff173	f76198b1-7ccd-5356-9653-cacfa9f3e5d4	Astraeos_WP	2	48
ef30f1fd-62fc-41ef-8bb3-98ab659448ae	f76198b1-7ccd-5356-9653-cacfa9f3e5d4	Ragnarok_WP	5	45
18cc97e1-273b-479d-8365-2844dcaf82a3	f76198b1-7ccd-5356-9653-cacfa9f3e5d4	ScorchedEarth_WP	8	64
2f523e80-cdc9-4c08-b8d0-95a137838637	778bb74f-56c4-586b-86d6-87aeceeb50c7	Ragnarok_WP	22	525
2c5a827d-367f-47e6-9b70-df837a5dd470	778bb74f-56c4-586b-86d6-87aeceeb50c7	ScorchedEarth_WP	1	125
909008c5-a544-4393-81ec-c6dc369a5f8e	778bb74f-56c4-586b-86d6-87aeceeb50c7	Valguero_WP	7	35
a5268408-1558-4cdf-adcf-fcf5df700dd0	1ec44a7b-3aa6-5c4d-a151-90aa7dec5ce8	Aberration_WP	15	15
